Carbon2<-Carbon2,Carbon2<-!Tc2,Carbon2<-!Biomass,Carbon2<-Carbon2+!Tc2,Carbon2<-!Biomass+Carbon2,Carbon2<-!Biomass+!Tc2,Carbon2<-!Biomass+Carbon2+!Tc2,Carbon1<-Carbon1,Carbon1<-!Biomass,Carbon1<-!Biomass+Carbon1,Tc2<-Carbon2,Tc2<-!RPcl,Tc2<-RPcl,Tc2<-Carbon2+!RPcl,Tc2<-Carbon2+RPcl,Biomass<-Growth,Tc1<-Carbon1,Tc1<-RPcl,Tc1<-!RPcl,Tc1<-Carbon1+RPcl,Tc1<-Carbon1+!RPcl,Growth<-Tc2,Growth<-Tc1,Growth<-Tc1+Tc2,RPcl<-Tc2,RPcl<-!Tc2,RPcl<-Tc1,RPcl<-!Tc1,RPcl<-Tc1+Tc2,RPcl<-!Tc1+Tc2,RPcl<-Tc1+!Tc2,RPcl<-!Tc1+!Tc2
0,0,0,1,1,0,0,0,0,1,0,0,0,1,0,1,0,0,0,0,1,1,1,0,0,0,0,0,0,0,1,0
0,0,0,1,1,0,0,0,0,1,1,0,0,0,0,1,1,0,0,0,0,1,1,0,0,0,1,0,0,0,0,0
0,0,0,1,1,0,0,0,0,1,1,0,0,0,0,1,0,0,0,0,1,1,1,0,0,0,1,0,0,0,0,0
0,0,0,1,1,0,0,0,0,1,0,0,0,1,0,1,1,0,0,0,0,1,1,0,0,0,0,0,0,0,1,0
0,0,0,1,1,0,0,0,0,1,1,0,0,0,0,1,1,0,0,0,0,1,1,0,0,0,0,0,0,0,1,0
0,0,0,1,1,0,0,0,0,1,1,0,0,0,0,1,0,0,0,0,1,1,1,0,0,0,0,0,0,0,1,0
0,0,0,1,1,0,0,0,0,1,0,0,0,1,0,1,1,0,0,0,0,1,1,0,0,0,1,0,0,0,0,0
0,0,0,1,1,0,0,0,0,1,0,0,0,1,0,1,0,0,0,0,1,1,1,0,0,0,1,0,0,0,0,0
